0,1,2,3,4,5,6,7
0.06664450700268122,0.06663687473494713,0.40009621520187166,0.0666425378576211,0.13331485705686347,0.06671699565178744,0.0,0.199948012494228
0.20001231561932226,0.4001147006743727,0.13331264870467385,0.0,0.0,0.0,0.06663411530947978,0.19992621969215146
0.06666055091618713,0.33332933827612693,0.26670521675281406,0.0,0.06667060953558393,0.1333213707103595,0.06663006734286574,0.06668284646606269
0.06666136184969543,0.13330529259405594,0.26662934904076313,0.0,0.06675172421101518,0.06664395026531054,0.06663056461097983,0.33337775742818004
0.06667861240403634,0.13337188904331312,0.1999540733309295,0.06663964653128958,0.0,0.0,0.1333644287300649,0.3999913499603666
0.06662181774729055,0.20010177005024776,0.13325664624422504,0.0,0.13333138910866196,0.13336146903783064,0.0,0.3333269078117439
0.06663682590416205,0.4668345649020239,0.13325781465642736,0.06666013636117758,0.06666568906126558,0.0,0.06666430071309512,0.13328066840184832
0.0,0.19998590621056414,0.20001482510016516,0.0,0.1333341496404677,0.1333239473736617,0.0,0.3333411716751413
0.0,0.2002248738877513,0.0,0.06660556926630258,0.26656274001176067,0.06661146273877543,0.06669167156107408,0.333303682534336
0.1333361500769523,0.2000360775067544,0.3333400457871917,0.06666101235864542,0.0,0.06663594842068293,0.06667783785196325,0.13331292799781008
0.06663285006372366,0.0,0.13334044429661027,0.0,0.2000363650342501,0.0,0.13332244081128208,0.46666789979413387
0.13339562839834382,0.2667541393570131,0.06666277815348753,0.0,0.19993469451658358,0.0,0.13328449423828326,0.19996826533628867
0.06666660550896007,0.06665611469012113,0.3334259471132214,0.0,0.1999186457178846,0.06666586877860563,0.19995811585444295,0.06670870233676406
0.06664859240892748,0.1333218793528857,0.4666544293744873,0.0666880416141182,0.0,0.0,0.13336584891290748,0.1333212083366738
0.06665822652833578,0.33341033018632643,0.2000256480537186,0.0666542806491552,0.19996240198173568,0.0,0.06664562294924227,0.06664348965148602
0.0,0.2667711541507377,0.19999778237279806,0.0,0.1333080382149898,0.0,0.06670721281382701,0.3332158124476474
0.06664464017892768,0.33324817783385896,0.13339525556310414,0.06664777238111101,0.1333251348018864,0.0,0.0,0.26673901924111176
0.0,0.3333604085046496,0.1333841613474829,0.0,0.26660351527308873,0.06662263342816112,0.0667540324391511,0.13327524900746646
0.1999543298519361,0.06676749793247928,0.400029673666531,0.06660867553885186,0.06664328733611576,0.0,0.1334203157185348,0.06657621995555119
0.0,0.20002979043591637,0.06675236736703155,0.2000039690008014,0.19999402028422372,0.13327538855589918,0.13330490729528763,0.06663955706084018
0.0,0.2000384430086902,0.06665559352496683,0.0,0.33333553921212733,0.0,0.13335279975276973,0.26661762450144594
0.06663849927912462,0.2001227346021315,0.3332462799831488,0.0,0.06665912970657968,0.0666857335010441,0.2000138889178861,0.0666337340100852
0.06668344857668697,0.4666659234058599,0.13330776103508093,0.0,0.0,0.06663365251589026,0.06674203032212107,0.19996718414436088
0.0,0.2665591525844605,0.199945461004595,0.0,0.13329870017490653,0.06665157730447623,0.13333023264494273,0.200214876286619
0.0,0.33340768696520184,0.13336828005498416,0.06662898637949019,0.0,0.06670226319275839,0.06662722021291707,0.33326556319464834
0.0,0.26662573996463373,0.13328524103463685,0.06662741923628984,0.1333743475359645,0.20004767349348104,0.06676554348333422,0.13327403525165976
0.13346705773144743,0.06673960488845539,0.39982500485946987,0.13329881901548668,0.0,0.0,0.13336948996079956,0.1333000235443411
0.06678150148130434,0.2667955668773946,0.13322697649053936,0.0,0.06670518301501567,0.33325078136852937,0.06662443827685877,0.0666155524903578
0.13333704569251043,0.13339317984468077,0.06666612978382261,0.06663316335040737,0.19997151953574285,0.0,0.1333108238906821,0.26668813790215384
0.0,0.13333845121007706,0.33332267417692685,0.06661729594037498,0.19987044995855519,0.06664571556051599,0.06681682871670881,0.13338858443684112
0.19996608899630736,0.1333298742043862,0.26668881288001994,0.0,0.0666555063172661,0.0666325001201633,0.0,0.2667272174818572
0.06666231106763762,0.13349083196037315,0.199999949098491,0.06665936459391257,0.0,0.19996640010514008,0.13327310613806984,0.19994803703637584
0.0,0.2000057222186405,0.06679203959643168,0.20007324901647588,0.13328185730932354,0.06663203298040414,0.13329491521892148,0.199920183659803
0.06668536158462693,0.133354576444684,0.39995838304845516,0.0,0.13328968567776525,0.06669573771378447,0.0666320857092636,0.13338416982142057
0.13327477395745393,0.2000987199192807,0.13330159537876723,0.0667045801002155,0.06675226113875582,0.06661818319058811,0.19999835855723974,0.13325152775769897
0.06663855903914381,0.06664350425577134,0.4000040379440568,0.06664355273019698,0.06670640064503869,0.20002662627342746,0.13333731911236493,0.0
0.06663956484588329,0.26676827413030646,0.1332616728804728,0.0,0.13330644919915652,0.0,0.1999870038072691,0.20003703513691173
0.06670623324133867,0.2667010059357784,0.19997839073821547,0.0,0.13331250818174062,0.13330529256736676,0.1999965693355603,0.0
0.06665310467566515,0.13334906107672076,0.1333313378312336,0.0,0.20002246236675902,0.0,0.13331311940746102,0.3333309146421605
0.06669777522197567,0.06664552277200561,0.13334082993410687,0.0,0.2666089559912758,0.3333891514481208,0.13331776463251524,0.0
0.06664508710958188,0.3333380766443929,0.06663541521479752,0.06665584790727816,0.0666377141237291,0.0666780511640197,0.06666771338629998,0.26674209444990077
0.0,0.19998366337445567,0.4001343892402802,0.06668324360252931,0.13315082474372397,0.0,0.13341260294852691,0.066635276090484
0.06663331626464251,0.06667607630699225,0.3332810828838877,0.13335731248501836,0.13331695276110073,0.0,0.06674943806592795,0.19998582123243044
0.06674309518368818,0.20001545383339717,0.20010557987038693,0.06664297283904207,0.2665786697848184,0.13327881652498846,0.0,0.06663541196367875
0.20006581868207554,0.06674312506750708,0.39982223676390477,0.0,0.06670081724380822,0.0,0.13325982378476248,0.13340817845794195
0.06668020048162905,0.19997232196995465,0.13327218874803137,0.0,0.20000038283295885,0.06667951551594199,0.26677399643708377,0.06662139401440034
0.06665166327735414,0.4000303327198547,0.13334282207978823,0.06663971823303934,0.06668427330172716,0.0,0.06666656517298529,0.19998462521525112
0.0,0.13336743552419952,0.13327416082689555,0.0,0.33331961725610687,0.13336697681232487,0.1333029883071374,0.13336882127333577
0.0666361799900993,0.5333295386306218,0.06670478595236962,0.06670392036021186,0.06663844380508528,0.0,0.0,0.19998713126161216
0.0667108542940949,0.3333573677217173,0.13332090795846743,0.0,0.0,0.06663789656636258,0.20007450179077485,0.19989847166858296
0.13340511609855743,0.20007519508308091,0.2666269373750611,0.06661513555460055,0.06661115841551005,0.06665973113050974,0.2000067263426801,0.0
0.06668946017678798,0.1999666094869052,0.26674290856503863,0.0,0.1333574662390527,0.0,0.19990304188506833,0.13334051364714714
0.06667053336082478,0.39990955121802785,0.0,0.0,0.13332012320748426,0.0,0.19993727708779074,0.20016251512587233
0.19997840838806438,0.06667034597185892,0.19998811723876203,0.06673303674913617,0.0,0.0,0.0666406171073469,0.39998947454483164
0.06662429146842754,0.4000559329870891,0.2666034897185899,0.13328790549508054,0.0,0.06663999067011364,0.0,0.06678838966069946
0.0,0.20000442274352204,0.2000104118864669,0.0,0.20003539952214852,0.0,0.13329376484537953,0.2666560010024831
0.06665852548724424,0.1333053284181387,0.06664859802630323,0.06665865406206625,0.266631332309741,0.06672159064883965,0.06662653188401049,0.2667494391636565
0.06669369667372285,0.3332287603418781,0.19996214947697852,0.0,0.06667516028357132,0.0,0.13345033094086825,0.1999899022829809
0.06667524386673594,0.33330359384776953,0.13334147752526126,0.0,0.26665191528104776,0.0,0.06665066652168153,0.13337710295750385
0.33334069258475524,0.19994133033835076,0.1999658690423218,0.0,0.0,0.0,0.0,0.26675210803457217
0.20002028017873372,0.20004401383835116,0.26669275674512594,0.0,0.0666429667215624,0.06665325665686841,0.066641022613174,0.13330570324618438
0.1999468020451011,0.2666940108116592,0.0666696863668335,0.0,0.20005841045648395,0.06666577883763938,0.0,0.19996531148228286
0.06663105112848217,0.40014006997715607,0.13325552812081065,0.0,0.06665836642663045,0.0,0.0,0.3333149843469206
0.20006039835381714,0.13333020502874107,0.0666626098928892,0.0,0.1332870900441466,0.13331445012762144,0.13331567224021781,0.20002957431256657
0.0667340308881314,0.4666445534927377,0.06660888334487963,0.06661903661461413,0.06666559857073073,0.0,0.06670602034300202,0.2000218767459044
0.13331413323339275,0.20007940296758542,0.06663693567487947,0.0,0.3332193942068112,0.0,0.1332477324712932,0.13350240144603803
0.06671889300967797,0.13343401489671164,0.399812805140155,0.06661615404801181,0.0,0.0,0.20004121656485704,0.13337691634058657
0.13343051881432688,0.06676677583226698,0.19997234991004265,0.0,0.0666686913439428,0.06664937834558948,0.1999327727745199,0.2665795129793112
0.06664192102759064,0.40006305207697057,0.13333623446643728,0.0,0.19994053684906699,0.13337930623518265,0.0,0.0666389493447519
0.19991070650623916,0.13335369108988968,0.3333836513474224,0.0,0.1332964023967401,0.06665237954830636,0.06672349257866461,0.06667967653273782
0.0,0.39991950337263277,0.06680245428049665,0.0,0.1333338352491045,0.0,0.1332999751914774,0.2666442319062886
0.20005538875133502,0.20001523912182145,0.3333035217162687,0.06665358088374515,0.0,0.0,0.06664304835197872,0.13332922117485102
0.0,0.13331080303468074,0.1333757892525947,0.2665919028995772,0.06667968782131345,0.2000795633739739,0.06665595302602358,0.13330630059183637
0.0666415194418587,0.2667228877632067,0.06664730182441334,0.06663003573040133,0.13327987919525922,0.06667601945234766,0.06670160330742923,0.2667007532850838
0.0,0.13332351696580522,0.20005721847062666,0.06664298453307682,0.19999780254330451,0.0,0.06670121040450692,0.33327726708267996
0.1333730266881352,0.26659480668270624,0.26670167157203273,0.0,0.06667024249946224,0.0,0.06665618240684448,0.2000040701508192
0.06661001176656568,0.20009844266671056,0.26656973114530835,0.0,0.06666465622450907,0.06662780903118584,0.06667173131373541,0.26675761785198515
0.0,0.33324166637489216,0.2000863019547922,0.06673641341556263,0.13329927972154634,0.0,0.0666320092640662,0.20000432926914047
0.1333900404734088,0.06672164007379215,0.33327071669009,0.0,0.133283617714572,0.0,0.06669381151963631,0.2666401735285007
0.06669277391808821,0.266775932098971,0.19995528937899773,0.13325739675656664,0.06662769187544007,0.0666366426617242,0.13335154008726907,0.06670273322294312
0.06666626907058214,0.2666758154391782,0.1333044597364802,0.06666622404818552,0.1333321129500891,0.0,0.1332822069840074,0.20007291177147737
0.19999110024240496,0.39997098381154333,0.13338848039901768,0.0,0.0,0.0,0.0666295363174554,0.20001989922957863
0.0666504534425606,0.2666320742480879,0.0,0.0,0.33336589459013966,0.0,0.06663324396764025,0.2667183337515716
0.0,0.46659789943193375,0.06666210441327032,0.0,0.0,0.0,0.1999701562070986,0.26676983994769743
0.06665670911802792,0.2666973478103513,0.13328668189700646,0.06667444297147476,0.13328423870404454,0.06667521895737594,0.0,0.266725360541719
0.06664481407689322,0.20004231700099703,0.4000249893563825,0.1333531589518382,0.06664420544564784,0.0,0.0,0.13329051516824125
0.06666927937808936,0.06665510300709955,0.13339526263154475,0.13328828976329357,0.13328787911803805,0.13330327376890802,0.13334471053242003,0.20005620180060676
0.13328883912506634,0.39998917298400166,0.20000722123498116,0.06667590050694683,0.06668218274365618,0.1333566834053479,0.0,0.0
0.1333530847200421,0.1332632167809386,0.2667468881829082,0.06660713478880487,0.0666128535087618,0.1333844882251045,0.06666440051212254,0.13336793328131735
0.06665411683099795,0.0666772644571438,0.33336796173320454,0.0,0.1332453312564509,0.1332810625157946,0.2001266922986985,0.06664757090770973
0.13332658989117419,0.13331479413752473,0.3999389736019832,0.0,0.0666792529028789,0.0,0.13336291283262172,0.13337747663381727
0.19999656914791036,0.13324687815188338,0.2667727512158768,0.06662503071089851,0.06675216694468099,0.0,0.13333795158267897,0.133268652246071
0.06665921766765971,0.3332260501643328,0.0,0.06678218271134956,0.06667365708683391,0.06664115174273284,0.13335528775929884,0.26666245286779233
0.0,0.33345797011706074,0.13326724076191934,0.0,0.19995571459501704,0.06671925985917444,0.06672379037683734,0.1998760242899911
0.0,0.06675835683504705,0.06660644835916281,0.06663390055317656,0.333200671239177,0.06661634945391277,0.13330726195082135,0.2668770116087025
0.06661933554749516,0.133373861045982,0.3332123809975667,0.0,0.06670618405690272,0.06660066902608217,0.1335378993745944,0.19994966995137678
0.0,0.3333222422778384,0.2001361875955093,0.133240254858343,0.13324975037770653,0.13340593029627143,0.0666456345943313,0.0
0.0,0.2666420720211061,0.39998576839561484,0.0,0.13339990422600487,0.0,0.06667091726078281,0.13330133809649145
0.06663843335879452,0.2667349946305183,0.13336932890756034,0.0,0.26663570774405804,0.0,0.0,0.2666215353590687
0.0,0.2000107846417273,0.2000051747067111,0.0,0.06668553051293942,0.20001183229690833,0.133315144824357,0.19997153301735685
0.06663958991381103,0.400029341116742,0.0,0.06666876328155719,0.06664403361868818,0.0,0.06664318746344187,0.3333750846057597
0.13344784897072878,0.13332278600063063,0.333295726594808,0.0,0.0,0.06662801972173878,0.13328792810066256,0.20001769061143138
0.13331558735928017,0.06668058645194894,0.46658074184489584,0.0666718091350478,0.0,0.06663167914042498,0.1333842629928003,0.06673533307560191
0.13328893348999735,0.13336379593127626,0.40004463200831775,0.06663639281383911,0.06666474133231967,0.06665661397968567,0.0,0.13334489044456427
0.06669640589762353,0.33334661079553335,0.13328003099699778,0.0,0.19996133459195128,0.0,0.13327847889489594,0.13343713882299812
0.0,0.2665272146368345,0.06664384108870491,0.0,0.26667436377968073,0.06664332687897093,0.06663269636868441,0.26687855724712445
0.06664646132369206,0.3333525574260609,0.20007865235777175,0.1333613103665473,0.0666300550022055,0.13328848769702323,0.0,0.06664247582669915
0.13326237748033107,0.06662842852726489,0.2668107566980137,0.0666886944472604,0.19998593807043377,0.06661970624996623,0.13333684413031863,0.06666725439641137
0.0,0.19992655638894627,0.26676115471555717,0.1333393797092222,0.13337648147373768,0.06664608733918348,0.0,0.19995034037335324
0.1333734471450148,0.2667554056080779,0.06666785372831308,0.0,0.19994660106959924,0.06663298310118072,0.0,0.26662370934781426
0.06675595689263188,0.26669589803938903,0.0,0.06663250427801172,0.19996382033967705,0.1333468645756778,0.0,0.2666049558746125
0.0,0.39998313148222236,0.19997770534319392,0.0,0.1333237777137354,0.0,0.06661344513631116,0.2001019403245373
0.0,0.4666626356734938,0.19996634141352143,0.0,0.13339245209243572,0.06663418418168339,0.06671277374540435,0.06663161289346137
0.13332849451698287,0.2666344002476132,0.2666236553092609,0.13334340972465472,0.06674726716807056,0.0,0.06664018645898703,0.06668258657443062
0.13329682678478816,0.20003149383687227,0.06666587584674126,0.0,0.2000439425471856,0.06663061125364152,0.0666638504142312,0.2666673993165401
0.13328166487688412,0.13334855789192693,0.1999975651396633,0.06670636578473638,0.06661391160973117,0.0,0.20008460224587885,0.19996733245117923
0.1333698148150943,0.13340820743483978,0.1999052422242301,0.0,0.0,0.0,0.19997892720483637,0.33333780832099946
0.20000041556893394,0.19999951236150443,0.26660868659220777,0.06665015039455877,0.06663842903777178,0.06666579434959859,0.0,0.13343701169542485
0.06668302310059392,0.3333495765526258,0.20010771416289871,0.13326028779691987,0.06660744795115152,0.0,0.0666345410224012,0.1333574094134091
0.13340604740382922,0.26660859199539455,0.0,0.0,0.06671351496557816,0.0,0.06663690019836993,0.46663494543682804
0.0,0.2000181741095505,0.13334618866842,0.0666836622872209,0.2666109235274397,0.20003834400365145,0.06666992096000891,0.06663278644370861
0.0,0.4000380923774091,0.06667794027049591,0.0,0.33332227948189447,0.0,0.0,0.19996168787020058
0.06670866059020916,0.2666861620196431,0.0666348093865146,0.06664108969591294,0.13329969960629556,0.0,0.06662150005495866,0.3334080786464661
0.06670440269917315,0.39993899462750065,0.0666687531140732,0.0,0.13335665382329234,0.0,0.0666394714011686,0.26669172433479205
0.06665939398378516,0.20009913257176634,0.13338129818677785,0.0,0.13333732101520748,0.06669870777451939,0.13330895597350584,0.2665151904944379
0.0,0.13333375794149002,0.46672742945113843,0.06666625251464879,0.0666451685640633,0.0,0.06664818448287872,0.19997920704578076
0.0,0.3998923547544824,0.0,0.0,0.20000883053702728,0.0,0.0,0.4000988147084903
0.0,0.2667241175264441,0.06663053507396259,0.06664560228382369,0.19992241510378622,0.0,0.13331457294566626,0.2667627570663172
0.0,0.19998086439917756,0.199975899549811,0.0,0.3333280534328131,0.06670193397527133,0.13333565868487485,0.0666775899580523
0.06665417327896886,0.3334424524665854,0.06665893118776307,0.13329220974321132,0.133319744405209,0.06667970907409007,0.06665144340964692,0.13330133643452527
0.06664666437815993,0.3332836684951419,0.2000927392808511,0.0,0.0,0.06668866682573911,0.20000708525308883,0.13328117576701912
0.0,0.33342006315667344,0.1334582393960485,0.06661403493551141,0.0666128519846701,0.06659964100424302,0.1332624659781357,0.20003270354471786
0.13342089716429348,0.06661971973890589,0.2666753730099845,0.0,0.13332018433562176,0.13328750799972033,0.06668425571408612,0.19999206203738795
0.06666440594981234,0.33328060221054406,0.19995263274267616,0.0,0.20014594006444217,0.0,0.06665821099974757,0.13329820803277778
0.06664832845523595,0.1999501190534746,0.3333177843584807,0.0,0.0666779314573908,0.06665511034114181,0.066672169448722,0.20007855688555418
0.06668890417834464,0.26677867285923434,0.2666473178343475,0.0,0.13324903903032115,0.13334176851280014,0.0,0.1332942975849522
0.0,0.13331696925595252,0.19994476523052532,0.0,0.13340244066443485,0.13337144347304897,0.13334454570987306,0.2666198356661652
0.066645480313233,0.1333116351522388,0.06668126284340853,0.0,0.1999264149720126,0.19999930581783168,0.13340382521597155,0.20003207568530385
0.0,0.33333359365230597,0.0,0.06667303764669148,0.13329905239307083,0.0,0.06663909407033779,0.400055222237594
0.06664514777765773,0.19995761214992167,0.0,0.06665801548043244,0.2000678990946588,0.0,0.0,0.4666713254973293
0.13332075340033359,0.13333730698664514,0.13333354461717256,0.0,0.26661098049806964,0.0,0.20012149200928564,0.13327592248849346
0.13337166467272302,0.3999878820842868,0.13334411301521776,0.06664616797361012,0.06666185833323915,0.06665292030212866,0.0,0.1333353936187944
0.0,0.1333425711991334,0.13340208589805164,0.0,0.2000499745065581,0.0666334725258387,0.06661375608057807,0.39995813978984
0.0,0.46657292369026304,0.06669761496037852,0.0,0.13334046379232986,0.0,0.13332008260609637,0.2000689149509323
0.13333162038355326,0.33338255269462036,0.1333254945173218,0.0,0.13329263295899524,0.06665970911204033,0.0,0.2000079903334691
0.0666807075111853,0.13331448579021515,0.2665784824239931,0.0,0.06667061254650951,0.0,0.20001497050585057,0.2667407412222463
0.06665379592783283,0.33335136454361824,0.20001897524533332,0.0,0.0,0.06664202399287834,0.06665291878954893,0.26668092150078837
0.06673849193509258,0.2665921707297362,0.2666050916706602,0.0,0.13340533920199552,0.0,0.06666163280996891,0.19999727365254671
0.0,0.19997971843960552,0.4000149619392467,0.0,0.0,0.0,0.0,0.4000053196211476
0.06664168913302476,0.3333595158103065,0.26663854030188383,0.0,0.06667102558153917,0.0,0.06665400166101142,0.2000352275122343
0.06665896422944795,0.2001907318884967,0.19997875826830433,0.0,0.1332323682186458,0.0,0.13327035146187846,0.26666882593322677
0.06677050974852962,0.0666772644139247,0.2666615577885386,0.0,0.26665959928155086,0.0666334077844645,0.0,0.2665976609829917
0.1332866299104076,0.13338633456679538,0.40004031673799356,0.0,0.06667019044088271,0.06661929165165786,0.06664762467595356,0.13334961201630918
0.06662050693445346,0.2667304691375051,0.3999018521297429,0.13352833157145355,0.06660617704051494,0.0,0.0,0.06661266318632997
0.2000293120867783,0.1999464033926648,0.333386370434307,0.06672226490249565,0.06664119557324764,0.0,0.0666558639532339,0.06661858965727266
0.13330472130090962,0.13336010786394184,0.4000623174672269,0.0,0.13335708564091714,0.0,0.13329576385155723,0.06662000387544742
0.13342673221908938,0.1999632953719676,0.1999557641755557,0.0,0.13332542161400726,0.13329561531281883,0.1333761866119625,0.06665698469459873
0.0,0.5333568253892134,0.19998640040733648,0.0,0.0,0.0,0.0,0.2666567742034501
0.0,0.26671869573207585,0.33326681421437704,0.13336725439153171,0.13329620198126682,0.0,0.0666601936349523,0.06669084004579631
0.13334171382410237,0.13336050018527298,0.2000169335032664,0.06674818120483053,0.19993090893094284,0.0,0.13328541908168684,0.13331634326989805
0.06667611659051519,0.20000688664102606,0.06669516057172262,0.06664357023738349,0.26660909979268727,0.20006603530098607,0.0,0.13330313086567938
0.0,0.3999284913214392,0.06672456896373696,0.0,0.0,0.06663867864207827,0.13335567652421468,0.3333525845485309
0.0,0.39997361484636845,0.06669570350242726,0.13332971657232007,0.1333028526561605,0.06662935962833795,0.06667742260049145,0.1333913301938943
0.0,0.19999963740990964,0.46666582766355286,0.0,0.06667225275762627,0.06667914295041714,0.0,0.1999831392184941
0.06660536528987639,0.19997673156394374,0.40013556622765045,0.0,0.0,0.0666136507534569,0.06678245477563233,0.1998862313894402
0.0,0.13336180315360624,0.19999150962687628,0.06662675507771003,0.26665473553497565,0.0,0.1333121469860593,0.20005304962077242
0.06664644414254176,0.133293295111185,0.2667623543896904,0.133311232951068,0.06663508828781152,0.13330814913298675,0.13337605239089736,0.06666738359381924
0.0666314127838498,0.13329103165881426,0.20005367768580753,0.2000254321172554,0.06665135917416078,0.1333695843862825,0.0,0.1999775021938297
0.0,0.13341288812769456,0.19998249734670462,0.0,0.0,0.06664553691019288,0.13337944399362986,0.4665796336217781
0.13330232533760536,0.2666313346634996,0.3333447454861442,0.0,0.06675742416581401,0.06664833618645538,0.06664037981120843,0.06667545434927291
0.0,0.1332876065455444,0.06667635028319377,0.06662806760759674,0.3999423723221657,0.0,0.13335943947221557,0.20010616376928403
0.06673703698204471,0.19995966795710204,0.33329486004798664,0.13336097323408752,0.06666104959237645,0.0,0.0,0.1999864121864026
0.06664674649309804,0.26672366156529603,0.20004359189683482,0.0,0.0,0.06663362949380768,0.0,0.3999523705509635
0.06665352578612072,0.26659809404094587,0.1333754936065205,0.0,0.06672227072134984,0.20002791608860432,0.06666287811572018,0.19995982164073844
0.0,0.20002332951596283,0.06666451513799129,0.1333994858940331,0.06667649605297549,0.26664786523368794,0.0,0.2665883081653492
0.0,0.20012298274419066,0.33332157099488857,0.26660905165541854,0.0,0.0,0.06663926969855404,0.13330712490694824
0.06665316996563599,0.20002786237543022,0.06663231507583912,0.0666928618732095,0.06663251982312389,0.06670210536418596,0.0,0.4666591655225754
0.06661268914050322,0.13340168532222588,0.133305734365139,0.06665894088706373,0.1333792781791291,0.13335943826327393,0.06660961623822305,0.2666726176044421
0.1332907673668547,0.06665437289178766,0.0,0.0,0.2666395961622664,0.13334144388755798,0.0,0.4000738196915334
0.133362324531445,0.26663717682202953,0.13331518322370192,0.0,0.1999212401467963,0.06667300083982648,0.13330869505946155,0.06678237937673924
0.06665523271131178,0.2667002905157884,0.0666395728043481,0.0,0.13327423450128553,0.0,0.13332331760962726,0.3334073518576391
0.2000587336343041,0.06675840980752075,0.06664869859646609,0.0,0.1999004237548883,0.0,0.0666236751605665,0.40001005904625425
0.0,0.26675470278370117,0.13330309010108649,0.06662060695378169,0.13338102398319596,0.06665803298774917,0.1333546725680214,0.19992787062246423
0.06666688613183276,0.3333189251026701,0.06663349289802756,0.0,0.2000922859738757,0.06666932983111497,0.06663099588580543,0.19998808417667352
0.133332344819724,0.06666419629622661,0.13327464270971023,0.0,0.2666685906388183,0.13332755321654555,0.0666459197170658,0.20008675260190956
0.0,0.20003376524412017,0.19999673150244937,0.0,0.26669420232498275,0.13331236122073864,0.06663557483835587,0.13332736486935332
0.06662261881074867,0.3333368395468714,0.33328728751988956,0.0,0.0,0.0,0.0,0.26675325412249024
0.13331941549140205,0.2666562909046878,0.06678358341242104,0.06666828233465867,0.26650480695100787,0.0,0.0,0.20006762090582264
0.06664770263454474,0.13330507824792875,0.13336278119463083,0.0,0.26655970631123355,0.06668652975073372,0.0,0.3334382018609285
0.06683958347330977,0.1332763228909636,0.40010297848839577,0.0,0.13323589881752354,0.0,0.1332195071271304,0.1333257092026769
0.0,0.2667290500211444,0.3332794289885221,0.0,0.0666500355402524,0.06667017883094695,0.06664449703701951,0.20002680958211463
0.19999572541950544,0.06665192701239964,0.20003917093949192,0.0,0.19997643370322374,0.06669548911779054,0.1333271598999469,0.13331409390764176
0.20000540162894717,0.13337012010962346,0.33338017538696885,0.0,0.0,0.06664805481430348,0.13328392574000375,0.13331232232015336
0.06664179059728828,0.4000179489033042,0.19999040384525008,0.06666588481034967,0.0,0.06664261853301852,0.0,0.20004135331078926
0.0,0.2667036603837212,0.26654862970120197,0.0,0.2000281564961644,0.0,0.13325564510420831,0.1334639083147041
0.06656748918022792,0.20011020568336318,0.4000143674211647,0.0,0.13317182762685814,0.0,0.13335686436213798,0.0667792457262482
0.06666936419498898,0.20009364754579928,0.13336638041489793,0.06666861588347488,0.13330322771560066,0.06664313675172322,0.19993391939861302,0.133321708094902
0.06662661514692761,0.333487429373559,0.0,0.06670112785423535,0.133300609915361,0.0,0.13331052169643795,0.2665736960134791
0.06663325364906263,0.466733643714677,0.06666529220139779,0.0,0.06664952375508697,0.0,0.13333697316333856,0.19998131351643705
0.1332832795163277,0.13338475106406086,0.33324918832186384,0.13336886173712303,0.0,0.06671391914977748,0.06665217328746552,0.13334782692338149
0.2001160130894318,0.06672172341760992,0.19996480870247577,0.0,0.0,0.06667014715473445,0.19991329897520524,0.26661400866054275
0.0,0.33329432573711143,0.06663365949928818,0.0,0.2000224131887504,0.0,0.1999570277420744,0.20009257383277568
0.0,0.1334160907999617,0.06665662796468608,0.06664258428337651,0.06666476903414571,0.2666129893875289,0.13332593082926106,0.26668100770104003
0.0,0.20003399465771743,0.19997821369490487,0.0,0.1999780486484581,0.0,0.06661879085600396,0.3333909521429156
0.06664537506055063,0.13337151092385444,0.06667456948125362,0.0,0.1333571907493935,0.2666873825803556,0.0,0.33326397120459217
0.06669054109217827,0.19999480527115152,0.2667001872814865,0.06669375085665519,0.1999391187234154,0.0,0.06670046188545778,0.13328113488965548
0.0,0.20004998099827817,0.39994688197203815,0.0,0.06673149272281129,0.0,0.06671503569186077,0.26655660861501174
0.13335082403573978,0.26664084364768664,0.13336231941252386,0.0,0.1333166378267965,0.0,0.06666751316695571,0.2666618619102976
0.0,0.2666000108200276,0.33321398446719025,0.0666830958574259,0.0,0.06663284503103724,0.13342957618161033,0.13344048764270885
0.0,0.1333071072533636,0.33348968046721883,0.06659177617394339,0.1333004849296392,0.06660066629244696,0.13344885625639033,0.1332614286269978
0.13327756078343275,0.33326650241061473,0.13332425980934157,0.0,0.20014188556660636,0.1333132065533674,0.0,0.06667658487663702
0.06666047263114325,0.19998664182266174,0.06671400909729895,0.06664431311003055,0.13332007525102468,0.06664023942442059,0.19996467046636843,0.20006957819705184
0.06663524123355727,0.3334480273571227,0.19994330783310876,0.0,0.06664280850703264,0.0,0.0666534402988768,0.2666771747703018
0.26671921146546546,0.2665863631779495,0.13330706728885788,0.0,0.13333680180576807,0.0,0.1333707804022773,0.06667977585968177
0.19996942158704284,0.06664333309854764,0.13332111787285209,0.1333896890728602,0.1333229031641781,0.0666552550382169,0.1999386424777818,0.06675963768852035
0.06666387525508809,0.399968030435212,0.1999627184180591,0.06663875994463724,0.13334850036979573,0.0,0.0,0.13341811557720779
0.0,0.1333591590245819,0.3333232752472325,0.0666276595598537,0.13325725392487953,0.0666286896192054,0.13331018114756785,0.13349378147667917
0.13325685522482775,0.20014567580212209,0.2000838170578258,0.13329036304989056,0.06668674447890922,0.0666035116196785,0.06659397805721337,0.13333905470953278
0.0,0.3332871559774143,0.1332523356221048,0.0,0.20006070171344886,0.0,0.1332792808839701,0.20012052580306194
0.06666831265079226,0.5333031347495409,0.19997287300955074,0.0,0.0,0.0,0.06672428994092129,0.13333138964919486
0.0,0.40009879217047045,0.06663117494496662,0.06665224698818209,0.1332923756109807,0.06665506952547305,0.1333146709438773,0.13335566981604988
0.06667831868342737,0.13324657402337772,0.33327205791691406,0.06672001285645174,0.0,0.06665338310432696,0.20014513831898073,0.13328451509652142
0.1332907827529332,0.1333171064609035,0.0,0.06664455936850887,0.20004887618790382,0.0,0.13338836593401188,0.3333103092957388
0.06662965914658628,0.3332907858609833,0.1332877241247108,0.06663742589807957,0.0,0.0,0.066708590754244,0.33344581421539615
0.06663800138099191,0.06666399388804804,0.39999830460492963,0.0,0.1332544532551228,0.06662411560306572,0.0668227046701249,0.19999842659771702
0.06661007005406146,0.20000965787925515,0.33339874436829464,0.0,0.06663325465713915,0.13329179681515105,0.1332859849030162,0.06677049132308233
0.0,0.26673937082893556,0.19998712257833787,0.1332805783738956,0.1332629521575057,0.06671359665487149,0.0,0.2000163794064539
0.13345992338844156,0.2665673054755323,0.0,0.13331397685207638,0.13331894048162157,0.06667444505102488,0.13337079530982512,0.1332946134414783
0.06669041486668473,0.13332817149899842,0.13329853438928507,0.06663002929246953,0.20004283904656026,0.0,0.06667806019498004,0.333331950711022
0.06665109837416867,0.3333005648814118,0.13334978548476814,0.0,0.20001346787708488,0.06669160234803607,0.0666424537191314,0.13335102731539902
0.06663497033019394,0.19998631050051255,0.2665873419596731,0.0666812166348835,0.0666376823211126,0.06669307229825905,0.1333393030347852,0.13344010292058014
0.133345899966135,0.0666452859185803,0.33330685431118456,0.13326851415025764,0.13325635913356623,0.0,0.0,0.2001770865202764
0.06684369380952969,0.19979763687071614,0.33340831289236766,0.0,0.06659723194077526,0.13319931225334272,0.13339734324617164,0.06675646898709679
0.0,0.599910414114164,0.13333547110362728,0.0,0.0666451139917034,0.06662418578143411,0.06668879664189535,0.06679601836717577
0.06667469691396659,0.33332502907616185,0.06668773683401415,0.06667765732360106,0.1999293834849966,0.0,0.13341041330827022,0.13329508305898963
0.06666985709737017,0.13337740106094467,0.19997231446531277,0.0,0.1999504305675296,0.0,0.06667820094588668,0.3333517958629561
0.0,0.13332011146930287,0.19999377926413506,0.1332784595620827,0.200065496606228,0.1332962646958973,0.06663681012943616,0.1334090782729179
0.0,0.266630316926745,0.26664451970007386,0.06664311504502571,0.06671436478888698,0.13337850768822607,0.13331128911232068,0.06667788673872166
0.13328704596740198,0.13331968036551162,0.20005387106466027,0.0,0.13328577879701023,0.13343748730619276,0.19997625374457653,0.06663988275464654
0.13342339539414047,0.06665473923842319,0.33329607579329373,0.13326289326024932,0.0,0.0,0.06669375039072675,0.26666914592316654
0.0,0.2667070880000604,0.06666040020937951,0.1332815645790384,0.19989759856221945,0.06663919838997046,0.06668506932531883,0.20012908093401285
0.13331157616322245,0.06663482511337518,0.4001213608592203,0.06661886802612442,0.06661813353069868,0.0,0.13331268568527524,0.13338255062208368
0.06666105163986585,0.19999205996633904,0.19995649321323555,0.06663372333188071,0.1333828994984048,0.0,0.06667261770449884,0.26670115464577515
0.0,0.06668820942163073,0.26678574399054417,0.0,0.19997032445562613,0.2665884300723682,0.06663496386026305,0.13333232819956775
0.06664786833044029,0.06666825314956429,0.13338331897662453,0.06664442660427972,0.3999769570753302,0.0,0.13339626625337447,0.13328290961038644
0.06672034820341337,0.13331569595641657,0.3333547016077739,0.0,0.0,0.13333087540010624,0.13330807401936123,0.19997030481292863
0.06668251961222021,0.1999823715528738,0.2666433826064111,0.0,0.200047887018874,0.13328898722683769,0.0,0.13335485198278324
0.06668466886867573,0.19997150582378959,0.1333244363201096,0.0,0.2667224531759459,0.0,0.06669656672995,0.2666003690815291
0.0,0.19992040885109652,0.2000921855652951,0.0666516022210749,0.1332844622493291,0.0,0.19993590587463353,0.20011543523857075
0.13335088474984708,0.1334415924568764,0.33325139968416984,0.0,0.2000157675885543,0.1333114546650983,0.06662890085545403,0.0
0.0,0.19997903576268886,0.13330348725732777,0.06663497540911784,0.2667060660787957,0.20004845661219492,0.06667938756381724,0.06664859131605758
0.06665326024347341,0.13330786378912932,0.06668618124759927,0.0666737884241582,0.3333064051613136,0.0,0.0666392984144806,0.2667332027198456
0.26663654376617857,0.13334277222772653,0.2666360917050519,0.06665589538478438,0.06669301688447511,0.0,0.1333376803926837,0.06669799963909967
0.0,0.2666208424506321,0.2667142985430323,0.0,0.13337932534676206,0.0,0.0,0.33328553365957364
0.13336183379415553,0.20002011409078246,0.13331145912858877,0.06664503124792602,0.13328903968113967,0.13332319006218793,0.06663791399845548,0.13341141799676398
0.0,0.26661098121189686,0.20000577711783227,0.06672674999647876,0.13327344093903676,0.0,0.0,0.3333830507347553
0.0,0.20008068961058917,0.06667360901441188,0.0,0.26665017020483767,0.0,0.1999003767059996,0.26669515446416153
0.0,0.33332705528718753,0.0,0.0,0.26662762513470245,0.0,0.0666934724112087,0.33335184716690136
0.13328222115336488,0.20010307406242334,0.06662320828086409,0.1332446302816596,0.20007894343599864,0.06675142942922814,0.06662250808334332,0.133293985273118
0.06666371478842967,0.4666021234803782,0.1333847119426484,0.0,0.20003653593953255,0.0,0.06663363093179453,0.06667928291721655
0.06664295556441088,0.20007315541833406,0.06670366681168746,0.0666402890940772,0.19995544777092136,0.06665930968700245,0.06666092585152611,0.2666642498020404
0.0,0.06675554911137455,0.2666767210422489,0.1333668606774471,0.2665620706244264,0.13332500974060846,0.13331378880389455,0.0
0.06661730469439102,0.13359548882129524,0.333207067204137,0.13329755897173015,0.0,0.06669348807920415,0.0,0.26658909222924243
0.06663845271099791,0.1333123601149337,0.0,0.0666399153903109,0.20001038565150567,0.06666502871751154,0.06667183803116257,0.4000620193835777
0.0,0.33330605466906105,0.06666520430961295,0.0,0.13342877855044025,0.19989596844782945,0.0,0.26670399402305633
0.13332947954736551,0.13330704646113586,0.20001469250516518,0.06669795516965456,0.06663060362103908,0.0,0.13331196111697338,0.26670826157866656
0.0,0.2666885701387716,0.2667413074433658,0.06665229330477175,0.0666310487206975,0.0,0.0,0.33328678039239323
0.13322642664766737,0.19994992943033382,0.40005894679749143,0.1333170050089754,0.0,0.0,0.0,0.13344769211553195
0.1333048315644331,0.06666763427832376,0.33340972961960375,0.06672095300066017,0.0,0.0666525798913708,0.06665612474546873,0.2665881469001398
0.06671119383353999,0.13332497935289242,0.2667113709926608,0.0,0.13326661472107423,0.0,0.20000124432859492,0.19998459677123762
0.1333340055124028,0.2667142572657863,0.33329987955680723,0.06661289385865232,0.06661445251431336,0.0,0.0,0.133424511292038
0.13325735782546644,0.20008359306782936,0.0,0.0,0.2667395681245508,0.06665215807149868,0.13329513483993555,0.1999721880707192
0.0666430781153348,0.2000104040090782,0.1332791292760072,0.0,0.06666805751791548,0.20004821073160073,0.06663088429082158,0.26672023605924194
0.06665050241127346,0.06664043327688957,0.13327249757790383,0.06664574209582991,0.06667706925004374,0.1333307496015706,0.13343881362922697,0.3333441921572619
0.13334880480531888,0.20005148221154667,0.1999955345651154,0.0,0.13333775024920275,0.1332662814289935,0.06662357258437186,0.13337657415545104
0.0,0.13335278219801647,0.33324044158480937,0.0,0.13339186625997088,0.0,0.2000648206242164,0.1999500893329867
0.13330578978348423,0.06667877824648705,0.20000921738369323,0.06666929868283811,0.13341249413608106,0.0,0.06667736662102047,0.33324705514639597
0.13338846036802787,0.0,0.06666421445674961,0.0,0.26669431230373836,0.1999517638708295,0.1333544801778317,0.19994676882282295
0.06658805461863568,0.13343114810694867,0.19996834030727056,0.06660983538198763,0.13339636116325806,0.06664091431533181,0.20013561511298864,0.13322973099357896
0.06662979571234551,0.19993123286039183,0.2000544962154559,0.06665311640900067,0.06666046152692731,0.06662759514701275,0.06673684230628955,0.26670645982257635
0.13327622701043895,0.13328376670488673,0.20011651714683854,0.0,0.06663935984690016,0.06667741785243754,0.1334065214997403,0.26660018993875784
0.06661810189493336,0.200076415140583,0.06668897302974645,0.0,0.199977357515485,0.06663865935523593,0.06662226490236267,0.3333782281616535
0.06663698282455172,0.19996516209613444,0.0,0.06665659526691275,0.13327911615318686,0.0,0.1999975303670787,0.3334646132921356
0.06661481547802586,0.2667373598914813,0.19998921485161977,0.06665123131345153,0.26658081763253944,0.0,0.06674870553012885,0.06667785530275329
0.13341685752308208,0.06670556358531543,0.13332026120793924,0.06663481418138296,0.06666184211962992,0.06663866155589522,0.13335244380814779,0.33326955601860736
0.0,0.33337075761238444,0.13339254656645863,0.0,0.26660906150667457,0.06664760848990083,0.0,0.19998002582458171
0.066638969066286,0.0666479070379948,0.26662558731925257,0.13339741800921304,0.0666743489608836,0.0,0.1999953885675619,0.20002038103880804
0.0,0.06664773437186643,0.3999865166735991,0.06664506612525746,0.06665969903430065,0.06664584618162075,0.0,0.33341513761335567
0.1333299574680279,0.06673325820703936,0.13331960296218975,0.0,0.13327198946392735,0.06664513958419335,0.06671206762335063,0.3999879846912717
0.06669926025722904,0.13327295875184686,0.40010319461528954,0.20000880155095313,0.06667687335405105,0.0,0.06661652935877403,0.06662238211185649
0.0,0.06666436293162654,0.4000218370433727,0.0,0.06660585634036356,0.0,0.20021676307328606,0.26649118061135113
0.26665191660908194,0.20003328205618498,0.06666054805485405,0.06665222664214937,0.0,0.0,0.13330297979689704,0.2666990468408326
0.0666718454080718,0.13332595390795146,0.13338645144248376,0.0,0.13335736658544936,0.06664681773262135,0.26658006073569196,0.2000315041877304
0.0,0.40023862616737566,0.06666806981336737,0.06662386105046615,0.13330640950100445,0.0666113884764716,0.13329828288530138,0.13325336210601355
0.06669887362064984,0.06665014393050712,0.26666943123115594,0.06667213332105566,0.199927964896416,0.06666036833974913,0.06665585773308327,0.20006522692738302
0.1333026540764568,0.200155872464133,0.06663717903620373,0.06664478324354292,0.19997262060492008,0.1999835930138218,0.0,0.13330329756092163
0.0,0.2666831663099317,0.13333249397862065,0.06665489734059712,0.19999383328900955,0.13331112299267128,0.0,0.2000244860891695
0.0,0.399906768739625,0.19998224829875744,0.0,0.0,0.0,0.1333305172923908,0.26678046566922686
0.06665843783757164,0.19999529413532102,0.1333778126920866,0.1333116125074909,0.20003867842241296,0.0,0.0,0.266618164405117
0.0,0.26659956525644857,0.13327073354260874,0.0,0.06671545165291723,0.0,0.06669876651855614,0.46671548302946936
0.06667432796599929,0.20017625408772863,0.3333464597511234,0.0,0.13326591626441522,0.0,0.06660675799763643,0.19993028393309686
0.06667133543879489,0.2666837531661769,0.3333916528238578,0.06668018451452828,0.0,0.0,0.13327613399799876,0.13329694005864345
0.13342200331577383,0.19991455122464952,0.1332718466855102,0.0,0.20005486289789562,0.0666610211181535,0.0,0.2666757147580174
0.0,0.26673295771394434,0.26653242043811437,0.06664170727171138,0.13344963746088312,0.13329899919733126,0.06668420127948521,0.06666007663853028
0.0,0.26665332972066985,0.06668122505264172,0.066631414767728,0.26655699695822815,0.0,0.0,0.3334770335007322
0.19997574510996355,0.1999504012217624,0.06665313791196052,0.0,0.06666470853613944,0.06663121777332229,0.0,0.40012478944685176
0.06663890779380774,0.19997116056355657,0.20002017172849723,0.06669495558953398,0.13335467577624782,0.06670154733321708,0.06665417826220954,0.19996440295293005
0.0,0.200032154311499,0.0,0.06663303438926578,0.26665875393758204,0.06666794210047625,0.13334450888548083,0.26666360637569597
0.0666883384901889,0.19994713369181513,0.19996990364259876,0.06668943757761873,0.26668276182504574,0.0,0.0,0.2000224247727328
0.19992407272263849,0.13327537009684384,0.13329439647529548,0.0,0.2666122165753541,0.0,0.0,0.266893944129868
0.0,0.2000466910230211,0.19995053809636176,0.06664268691220492,0.13337476598302106,0.06665409622916929,0.0666321339449612,0.26669908781126056
0.066613004335577,0.2666259088373265,0.06663342885837038,0.0,0.26672936542645154,0.06664431652452908,0.06667066083188032,0.20008331518586506
0.13333488155454723,0.13322712605409137,0.06672530098803708,0.06665337201613683,0.13340344792796707,0.0666122983438952,0.06666835602633503,0.3333752170889901
0.0666380414995141,0.33334369404991304,0.06662926552112916,0.0,0.19987362468109054,0.0,0.1999805639726516,0.1335348102757016
0.2000531086276142,0.06661700368740592,0.39994435221249686,0.0,0.20003538991957417,0.0,0.0,0.13335014555290894
0.19996588263798407,0.19991071007349423,0.13338995160679595,0.20002873587407186,0.06665854320833392,0.0,0.13336002824460133,0.06668614835471877
0.13334075131893453,0.20004732640984893,0.19997980890983721,0.06665213859691259,0.06665743230327144,0.13332596516285217,0.0,0.19999657729834305
0.13331028476980775,0.06670396030345793,0.2666314891607524,0.06675820200595758,0.0,0.19993207613429886,0.133293239016242,0.13337074860948336
0.13338900732909942,0.20005990524858988,0.26661874226621307,0.06666040819456168,0.0,0.13330573882334332,0.13327331550439167,0.06669288263380097
0.1333238778585163,0.13341653961136846,0.1999563383473233,0.0666703620104826,0.13333568793266193,0.06666237614268115,0.1333145343364004,0.13332028376056593
0.13343629316953592,0.26664682115573224,0.13335273629694633,0.0,0.1998763527689513,0.06665362724346323,0.0667199326875179,0.13331423667785297
0.0,0.13336473090518114,0.199993608224269,0.0,0.33336450287965386,0.0666717125320515,0.13329815513641965,0.13330729032242494
0.133300825122841,0.2665888686543808,0.0,0.0,0.13328351735896546,0.0,0.0,0.4668267888638128
0.06668870716221026,0.1333928830943544,0.20006237763233822,0.0,0.13332689857962257,0.13324930742012192,0.06669861067202225,0.26658121543933033
0.06662849302221863,0.06662526396469025,0.2665624824077782,0.1334608018541836,0.06669425957776255,0.13326558548892564,0.13338958805496648,0.13337352562947477
0.06662158542518727,0.2666045561218944,0.4001649560801812,0.0,0.0,0.0,0.0666806265073776,0.19992827586535952
0.0,0.33335583197339336,0.13329027876463412,0.0,0.2666365464924671,0.0,0.0,0.2667173427695055
0.19999848566577075,0.20011621433372642,0.0,0.06661696796640305,0.13330873852675804,0.13327690123938132,0.0,0.26668269226796043
0.0,0.33336098220475335,0.06664217113341536,0.0,0.1332933430053228,0.13328725906279543,0.20007025486559482,0.1333459897281184
0.0,0.20004504134408732,0.19988371501595112,0.0,0.1333020850717365,0.1333497647711194,0.1333284524070585,0.20009094139004718
