0,1,2,3,4,5,6,7,8
0.04536595105777066,0.1250637710670764,0.09781143326674287,0.036551470407446815,0.04217595101648411,0.05114447574771358,0.21678978107436908,0.3660319684108764,0.019065197951519723
0.0186157960770214,0.03326317119339216,0.051568032028797055,0.09892767645094963,0.05302678092918362,0.016455760304274973,0.03393883583313268,0.6787827155899191,0.015421231593329822
0.03453339795844873,0.04005035838177879,0.052796756193069304,0.08287016454223115,0.024188033684790573,0.6720000197756253,0.04588701405774654,0.03739724953357888,0.010277005872730643
0.012952240390228407,0.0400889024744655,0.03501257418764839,0.03648048424024424,0.04115390517787445,0.02138192115959844,0.019798465773732312,0.773240270390011,0.01989123620619751
0.014387166758836509,0.02371485073605366,0.015964802978598727,0.0134406749275991,0.019014207206943065,0.010221059963020621,0.024257489815556647,0.8713039152441999,0.007695832369191939
0.07137238559193132,0.04506615357503209,0.16105799376086002,0.3765792392775511,0.02308416632928667,0.015127600563238367,0.2366676161254828,0.04072187285187325,0.030322971924743924
0.05117836855502392,0.06181936838429114,0.4842001815559185,0.07973386156270923,0.030173441709583405,0.02524494257214279,0.047171641758650865,0.20681851736347556,0.013659676538204315
0.03448718701367309,0.1486905039492841,0.05805347647752967,0.0685118002792091,0.031292387023089965,0.02319891079662864,0.3030085775735253,0.3209371277058659,0.01182002918119462
0.051338268800348974,0.3079344943504023,0.2965286010571879,0.1434775114088138,0.04090444724418521,0.022213780782449427,0.0289440325495249,0.0865386569375435,0.022120206869544218
0.04581597306962608,0.1192803196541254,0.44750244276528645,0.15416836999466457,0.02925965272052628,0.02263608823802672,0.02044037057059498,0.12503180846494957,0.03586497452219968
0.14984904833531654,0.2537292399488811,0.11998597817478604,0.051144061621054636,0.07230847777402255,0.09676539388236352,0.01937513126768914,0.20396718049313434,0.03287548850275236
0.09700510837347258,0.27483843496890265,0.12921023339897586,0.029183315602954445,0.05339616642573138,0.03078666351454296,0.03299651390608855,0.34034845101406314,0.012235112795268272
0.04289253234905257,0.21021617837096188,0.39652716104947144,0.0622643927419036,0.054170291407812536,0.027407590470473333,0.026658298583111428,0.1567663037514964,0.02309725127571687
0.036283981606317274,0.11849831278969783,0.0432471419478459,0.07837982142530578,0.04818794459397763,0.08620924768573053,0.4728288558403845,0.07720648987466369,0.03915820423607755
0.029049824939414364,0.09583610127434382,0.04478909937993827,0.06011257612126308,0.08938005601334238,0.04496289376841988,0.5517489690905268,0.067284263243897,0.016836216168854532
0.030629364817988232,0.10457142461579676,0.09551176037791485,0.04763279326110109,0.019365783363809577,0.03634627853542194,0.5388613022177753,0.08236899236965506,0.04471230044053687
0.05214556414460653,0.1385482002809896,0.04405740916971737,0.07176434460756177,0.03530169383885747,0.412933114368143,0.16092541223833864,0.06988728589657558,0.014436975455209644
0.03333741702698988,0.10416686853239808,0.03784862503439434,0.030036406574196036,0.06646576695740503,0.4916776136893599,0.02912504837321126,0.196076480656485,0.011265773155560616
0.022937036958783793,0.20254450181763362,0.0427759785743802,0.0766438590345967,0.04024692519227848,0.021809742643767675,0.3984905689404761,0.16040272425863825,0.034148662579445106
0.023522073094267702,0.22236029328209933,0.08032605654180117,0.09704086499356619,0.2984981677902231,0.030206354354672903,0.052213437774025,0.14258307658406855,0.0532496755852765
0.05449245476465093,0.46496948886977824,0.1366773142524012,0.09508428815802822,0.033563850432803355,0.027067430000502928,0.1265926331019943,0.04903246190291122,0.01252007851692923
0.04798919249835718,0.19991218231327143,0.19863414922425876,0.07919043877135473,0.030713588288028962,0.031399943111044444,0.28914875600566153,0.09083770841976219,0.03217404136826056
0.033135929956806344,0.10883977319111211,0.6965552444810904,0.045507008700159536,0.01508638193824214,0.015228224187635319,0.016301648159237247,0.05289675359059982,0.016449035795116917
0.08947165457496009,0.6570239774249705,0.08589419311979973,0.026482411770941527,0.02572438260844965,0.0224602648458801,0.022311389056281657,0.05316033494029186,0.01747139165842464
0.05282053349154136,0.6880425314904901,0.09278253299708103,0.027529471037456447,0.022871555889669416,0.02894658542647506,0.013950818473908215,0.044594132842623944,0.028461838350753724
0.03309833761216024,0.034435449301079155,0.043997248615978535,0.02689075501087322,0.04114487197634875,0.01960479112106283,0.24803456998793563,0.5346481737716983,0.01814580260286289
0.04781118697546217,0.43650274831488173,0.1223081950423334,0.033993048786799165,0.04445829109921621,0.1937931665993151,0.0324780863471872,0.05421670864929826,0.03443856818550735
0.016955712203984747,0.05117033842680471,0.04267295521198154,0.012738316287372835,0.02330121355508494,0.7881004384427608,0.019809032890158226,0.03794814906124382,0.007303843920608134
0.020763320251674353,0.02307792928894602,0.05758493977792866,0.0145975750993372,0.02350143752438234,0.8020750601105658,0.019959151781586935,0.028305889324023042,0.010134696841555739
0.02523654273027938,0.05668706404566787,0.4529397792451505,0.02599349635378136,0.038544852808190554,0.04435445949638517,0.032399473099391174,0.31038212420067485,0.013462208020479382
0.017434024927803177,0.0445776563205247,0.7920660253345153,0.03481360232834577,0.01939946145342957,0.027467707830254953,0.01614715376573973,0.032951691580500236,0.01514267645888671
0.018093177285198832,0.03953551234212906,0.8407606664325649,0.017146622763158113,0.01214211369877094,0.020369637826314513,0.008830636588051942,0.03237865355437362,0.010742979509438413
0.03221594663813576,0.08969299560748964,0.2919186327931639,0.16545443344430474,0.11734390591112158,0.013552663483127303,0.03303455043905307,0.20005570527502736,0.056731166408576755
0.016608534585368175,0.13487424671169287,0.7085394945218801,0.029309322160607228,0.031265339223869815,0.010887387084360137,0.028422557016993876,0.010580068723886674,0.029513049971341288
0.024687822450411335,0.09609606225712453,0.26856179013728687,0.0687589689340533,0.17417658611980308,0.024648885487071368,0.056636285888621615,0.24537318510909642,0.04106041361653155
0.025834955133148752,0.5110182131660046,0.1444457879393407,0.042824495425019975,0.10045994435850951,0.03503596817142928,0.03819700509097902,0.031841081996455044,0.07034254871911322
0.025264837848752185,0.050835981388543984,0.21915070564355943,0.058230749580831964,0.059569584117247124,0.019810096590657255,0.022911665432111997,0.5261796843299027,0.01804669506839353
0.03289235615062612,0.2155113638112546,0.3287994356611547,0.06661598979573063,0.07420326376816054,0.02826204127483235,0.04249978433976875,0.14351600378543264,0.06769976141303967
0.025906551086886383,0.28168675315818703,0.027788275590415027,0.18223989819024097,0.227609681156039,0.02374851746833832,0.07452786137839613,0.08004722474504616,0.0764452372264514
0.013370532772473232,0.030311421871027904,0.010550326221719215,0.007072574768868571,0.021447555027242576,0.870966521655762,0.016516415071457426,0.02352795695930168,0.006236695652147987
0.02581579008919705,0.5300891853225743,0.07017840909181174,0.037852905815003286,0.06707193788097017,0.02508913633286593,0.023352025862334137,0.1995468296481274,0.021003779957115918
0.024526030226387933,0.7159518838214138,0.040571191159820344,0.024718999696305092,0.046799893959226964,0.06459249565525226,0.01800354230829153,0.04846158189935644,0.01637438127394546
0.021700335210542248,0.6631711154150643,0.03352617581926219,0.02157915697266958,0.03787510954735081,0.07244968792767331,0.01838010815291516,0.12237418957534711,0.008944121379175553
0.01685701209716201,0.05940533065536053,0.035235356188468736,0.04383360975959894,0.16546910459676092,0.011319054997717952,0.017723617294664405,0.6374349246205551,0.012721989789712139
0.03062232596016909,0.20167281959251246,0.09500948607242068,0.05291011768873602,0.06393015472949011,0.030386597117665608,0.049450510156402824,0.46006720328852135,0.015950785394081547
0.03206008071325081,0.06294021891359111,0.17098294682434936,0.026258769148382134,0.027433812899622736,0.016863345844023582,0.05842621140690362,0.5926503277464652,0.012384286503412239
0.03260809602206184,0.15724912269729444,0.13324077144874516,0.07807724550414703,0.09636894752218553,0.03098868103931694,0.03116767381347479,0.40192518381179826,0.03837427814097666
0.0553162436835799,0.09694489584165991,0.35768981335705624,0.13200662327107285,0.06169408694527415,0.01266287234354337,0.020172710295336238,0.22736962355613424,0.03614313070634291
0.08830019348662756,0.1576140191561988,0.17716816997671808,0.06186849466960102,0.10254391378847313,0.08732219646240402,0.03967497720164038,0.270102189263993,0.015405845994343874
0.028867391986726106,0.09783753307843192,0.017983819418531576,0.028594753150841,0.7365441267846726,0.018850898246066332,0.01367545692638402,0.04049510764894976,0.01715091275939694
0.041347358077375995,0.6783727321790077,0.04920024181602518,0.03179341123244027,0.055665640001004504,0.08497807332479139,0.017919342058558593,0.022438476165069134,0.01828472514572706
0.07619527208168676,0.1380372692974313,0.3764185063515697,0.07921494241341524,0.029492054256515063,0.03455612888704622,0.0363137827657606,0.2008422369365378,0.02892980701003737
0.07727639519641889,0.6866248408790248,0.023770550945229174,0.017562108115508988,0.14668491818417614,0.02351689715221674,0.006680840134038818,0.007334664636020425,0.010548784757366099
0.026349224582654755,0.7214141174121965,0.027264161861303864,0.013479973809402777,0.12729645637887899,0.037787642220845206,0.008315555403609256,0.019738352945228424,0.018354515385880857
0.09317826418654339,0.4440619900333328,0.05897359970299927,0.027172197854332763,0.029403413382554127,0.20775450220114708,0.02036386515760204,0.09835785161715058,0.02073431586433805
0.27458556238538806,0.33294132946573013,0.04638940526324782,0.02028259860611239,0.13855953332916318,0.11179453852623865,0.023000561788349104,0.027944542514226893,0.02450192812154392
0.05648110716315915,0.28513266254481123,0.02081180423546365,0.009890892902680777,0.5354285597974091,0.05599863136449594,0.00862073203690908,0.016123414694546877,0.01151219526052408
0.02975719971054635,0.04870007656907732,0.011341982005458677,0.02099438548093167,0.029447596106751028,0.41578028245645665,0.035192847505912284,0.3999533513909947,0.008832278773871459
0.0740307186229256,0.2514920832036914,0.059196267491820054,0.03684030921995077,0.09447742069891725,0.11316471044679856,0.031721716086197616,0.3248159091006774,0.014260865129021362
0.026527609235064337,0.16820794237212788,0.026382929128677013,0.04847288922918505,0.19322504385900566,0.21982695984867953,0.029273598331157866,0.25227290261067253,0.0358101253854301
0.20320731920847343,0.18201744755141855,0.08055846709637492,0.025732785439500312,0.16884773835994868,0.2178011579509074,0.03416008660131326,0.06530606782209465,0.022368929969968566
0.20547600451516657,0.3147241381876689,0.051887695895015434,0.024153449687267237,0.1413821876157441,0.17476334895363188,0.022553184199185092,0.04210893970874778,0.022951051237573343
0.021456037946379448,0.048806948221250424,0.014262713479152773,0.028004842930613935,0.8044444737117353,0.015308580134083986,0.009160511321530337,0.034069583173816365,0.024486309081437962
0.049621166163526916,0.41699330257567535,0.03572601318728142,0.013925287735793601,0.3612127822628767,0.05683675650273246,0.012046611499097628,0.04154128676527871,0.012096793307737486
0.011608308188909148,0.09149390721985277,0.0160883178125754,0.025078026982290866,0.10067224814512128,0.04377492120576251,0.02229142553736764,0.6775317373433681,0.011461107564752592
0.010250303823299188,0.032404985428979585,0.006147578425402684,0.01878544185585678,0.021882528619400734,0.8741721916921201,0.010971384644419312,0.019071228258186176,0.006314357252334589
0.038457537339916685,0.19909080598419154,0.43465315921091663,0.06675576013812352,0.04713287706208464,0.057331339633026425,0.05133346592283397,0.0818211267814573,0.023423927927448997
0.05336833501291287,0.39009000906377134,0.15911990574017518,0.05210520919302083,0.050623881295270526,0.06927331088554803,0.13288024278300337,0.06678130149645138,0.025757804529846662
0.008823118197182081,0.08253383077086959,0.005220462551074822,0.01555393097689666,0.015046360071204924,0.8233635122618865,0.020576920737437797,0.02417439844065386,0.004707465992793426
0.040038491561669866,0.12386480880357666,0.5015990205919096,0.04159268657708326,0.03693223472358466,0.04971906976491722,0.0246300831645212,0.16943896631294814,0.012184638499789135
0.007644794309870067,0.0469158140237653,0.009325051822946361,0.00772258613271783,0.013784933905818935,0.8560688412857341,0.029746312784474496,0.022395406842428155,0.006396258892244996
0.021574753058657907,0.44386408650943937,0.21850238090191135,0.03595369554061143,0.1309348054490655,0.01805265396557739,0.04490476304232107,0.030451619398313114,0.055761242134102544
0.03183429157726244,0.6531497842749295,0.03982102822302032,0.013097613115618016,0.04670958166326353,0.10681895040315487,0.06719732401208225,0.01924839096270963,0.022123035767959313
0.03812052710008565,0.6570407045659868,0.10171822826976651,0.03602387885162508,0.05010126260079313,0.020770559474665707,0.028322410326044673,0.031163731882830985,0.03673869692820167
0.029171926371140376,0.3721138098527565,0.14199042181126809,0.05223378606157255,0.19486251142642702,0.014838089240381531,0.05881823797936607,0.08166626414203225,0.05430495311505549
0.02284640924885746,0.4652958648044887,0.01429110571124093,0.01820335440273515,0.02568045202120996,0.3916870158892899,0.013569729981011037,0.02912337466546773,0.019302693275699282
0.03704720987271936,0.06329690601660697,0.7572136169658066,0.03202558023495027,0.014946538328053923,0.014565692981511235,0.019392358920533353,0.04472154240456653,0.016790554275251453
0.030676466636425287,0.06411736204744319,0.6871767577512947,0.07437662827413742,0.017474102031289206,0.027348093398834237,0.022813512075571737,0.04863190587767358,0.027385171907330332
0.02636594168090381,0.14153186421428704,0.34950172489549025,0.03132551123948227,0.04256379815314068,0.0209470583503986,0.022217226127627887,0.32623478976767617,0.03931208557099323
0.02828991208227432,0.6478177107969756,0.03240813142714276,0.03192660651623695,0.11594696213208769,0.05062424154554892,0.015782355783754056,0.044747045775543025,0.0324570339404366
0.048544197077692516,0.07809961678232556,0.05225517752337914,0.05926841796410734,0.0420431631298356,0.1859005236257788,0.05199786866863187,0.4674136533118578,0.014477381916391188
0.010103106406046784,0.0787323520575939,0.0055813125111415715,0.01597716891614306,0.013901841579305659,0.8227047748871694,0.020746590421349985,0.028222236457466462,0.004030616763783625
0.024094868508334484,0.08852154002932475,0.15761108640197716,0.05930402257901951,0.04533996472738903,0.025347709850439125,0.04153248226258005,0.5470837525140666,0.011164573126869042
0.019415840605290995,0.10520221207957534,0.021720354879316003,0.011216592675144283,0.013414438565895241,0.6332484520589521,0.04809336651744486,0.1327737055140707,0.014915037104310054
0.16616327227471162,0.3821910729065197,0.03545686029864425,0.023364164884679708,0.027476934586296676,0.23371949665619995,0.013445570538389393,0.0956064303100954,0.022576197544463467
0.016834513063573253,0.11656666473206043,0.012880224171367763,0.02156943790631143,0.02438615561131938,0.7148872294203571,0.039478233045152945,0.0467469633256402,0.006650578724217808
0.12893269266163002,0.30344646449532753,0.025394320315251184,0.01734170033168879,0.015565259809293325,0.42461234134244386,0.051266061585087265,0.015181910874010123,0.0182592485852679
0.01942114444107004,0.04991504595898324,0.320501971411489,0.0382718883473876,0.027048521147815138,0.04170031295758954,0.020339731686649515,0.4645192060296153,0.018282178019400564
0.0851917148359083,0.19963537828670436,0.366933443076779,0.09855731765299694,0.026615828811542085,0.06527245646679342,0.018963836510280416,0.11509173671168074,0.02373828764731478
0.10963033509641601,0.2938643112374824,0.07812574025582178,0.08231496901060041,0.1076730447452438,0.16756216955047445,0.03207912353716823,0.11026048773459499,0.018489818832197653
0.0241889278933201,0.2764852129353144,0.058195359221412134,0.09992546573840323,0.029831164027578527,0.1878247890392426,0.03809760305793847,0.275599158578433,0.009852319508357646
0.04130259692899552,0.05785785149622504,0.3010734901416483,0.02879220902740864,0.03326436121735433,0.1634718522141881,0.052184109626893356,0.30411194503656747,0.01794158431071924
0.016998586330537607,0.027880937197440878,0.008341137055531312,0.014102417328922713,0.023309995709781296,0.8576829123474072,0.023809488763673572,0.022334226485927554,0.005540298780778041
0.02183747001664282,0.41049472341987064,0.04089188310704922,0.05182193538563264,0.25338371528867215,0.15190141645613411,0.0304339043256071,0.029127004251215886,0.010107947749175308
0.1435585973834002,0.37687086934259617,0.018612536231344234,0.01726635366037316,0.3699490379665999,0.026178867764236374,0.0132686856772759,0.016126402172757563,0.018168649801416307
0.13023664338813112,0.540038133946577,0.06455933564722527,0.043185335283990024,0.03837394106584314,0.07608385615605044,0.026538114870198592,0.05726228372713232,0.023722355914852094
0.022261993406614413,0.40778732203555,0.03192938500923837,0.030236631142460637,0.2206748044484948,0.24047576863040482,0.01803121959592643,0.02305570713736453,0.0055471685939456235
0.02678436928347989,0.2760526794791659,0.14478748986756385,0.04113234328934349,0.09349678285324058,0.03868780804659163,0.039379686866636655,0.30438947696932805,0.035289363344649424
0.018937321581515103,0.07381527974247848,0.018478393970845847,0.011504172105540434,0.05084890055763999,0.7286995446088602,0.01615462721239702,0.0698119573143942,0.011749802906328976
0.020862503086375373,0.290977010223328,0.07891664107216476,0.04554617926520929,0.28212809697425434,0.03351549648040744,0.050480524242415545,0.16256392928130778,0.03500961937453765
0.015588519028336172,0.6043427460615116,0.026413173696967635,0.007779210161958027,0.019785693858756098,0.29528563588779716,0.008689513280921348,0.014406672311577483,0.00770883571217389
0.021275566202514515,0.3258842710199862,0.021086426907996718,0.010978259869816065,0.06003278292812581,0.4781967543137909,0.03207304055467524,0.025856395893473348,0.024616502309621494
0.040285884134195,0.26269060166370944,0.051646751826498555,0.03241452154463449,0.04118563850770986,0.3626633154825367,0.03622854315329824,0.1474630067696613,0.02542173691775651
0.04714719126059562,0.3936548146109423,0.06867914096189048,0.1186995459001907,0.051490159047096785,0.049871857047951,0.05927428339629073,0.19023557060875143,0.020947437166291175
0.026464459153681903,0.6077097299363745,0.06452515645960154,0.033815144811089215,0.06742213331878896,0.11702801783314587,0.02836156929053266,0.03111434789546489,0.023559441301320715
0.02405099412832356,0.05513877453268122,0.022454856359946037,0.01835794830392545,0.02708548807793716,0.7414044084873818,0.05636815897272393,0.043630190262160036,0.011509180874921114
0.038390652340388555,0.26582482014558423,0.19751466128019862,0.14220650538601987,0.050369857994509125,0.02019875070169759,0.041480862777670754,0.2216140228361922,0.02239986653773901
0.020898314377978233,0.18239440354929765,0.5257443651834827,0.026896454078388386,0.0585470563153679,0.026109359057975217,0.03244911547162079,0.09142445414398767,0.03553647782190147
0.019345133331782713,0.3501142390092184,0.024281513883086005,0.019930653028875957,0.10520298253861579,0.3394600913143299,0.022996325917551026,0.07805542559663202,0.04061363537990838
0.03257273968158509,0.2940394670259489,0.09156726035003686,0.08193029930833957,0.03980484463058308,0.022615288193294933,0.055289616916542404,0.3594332342795587,0.022747249614110062
0.04021561121630138,0.15675244581370792,0.13867768914497547,0.4822374769704896,0.032324512856782076,0.014469176339151457,0.030494386874136775,0.070340663694776,0.034488037089679104
0.023402132195214972,0.1588480813002239,0.6194228637607161,0.06039443117648385,0.029498013180643223,0.016393530038476104,0.021525499851224976,0.05664262332977522,0.013872825167241497
0.044656135797253686,0.12205760857126548,0.4368166693072121,0.09011357986658558,0.02295872046927379,0.12441380855370442,0.03075089333045204,0.10384425550701637,0.024388328597236563
0.04038856340777723,0.297565745765731,0.15042397777628905,0.04106035322694721,0.03999294907393986,0.028087164926024536,0.03860631292496693,0.3487130406315128,0.015161892266811623
0.04149503797229296,0.05793608868476407,0.8075387593252661,0.037247149660225846,0.01538757959209836,0.010510578218492205,0.011547625127460569,0.010858446601900214,0.007478734817499059
0.06923712616283642,0.5074088558311607,0.24186055708288862,0.023526831576787848,0.09141444567151123,0.015951366256057267,0.0076753188458016,0.01285987403840831,0.03006562453454792
0.06031795465646808,0.037229327106930145,0.791574150198762,0.027865324119644392,0.019067935010685134,0.009305137705701268,0.015082484921410712,0.03092557216400199,0.008632114116396144
0.4180855191186374,0.35719020916180383,0.07099306672309974,0.026413973546498576,0.01907870904295791,0.03945841355072158,0.01696892873703389,0.03349241481682188,0.018318765302424933
0.06256070287802319,0.08185602439247283,0.7221947136010095,0.042663028701952134,0.022436904003614307,0.013268609035891249,0.007993752270890067,0.027255424489855035,0.019770840626291333
0.28419854690355756,0.3163725232420709,0.19980511949467264,0.052960477778476275,0.019809749146715506,0.04071703643371998,0.023302097764082205,0.025580591931895238,0.037253857304809866
0.18181188724979067,0.2855181494607846,0.09000462171873554,0.02763043883575111,0.036408715668142924,0.1358456835871417,0.04027270001050394,0.17517739069694493,0.027330412772204393
0.10959192515439142,0.16248590724901857,0.5810014744718063,0.04512258585246842,0.045253704340914754,0.010358685693338745,0.017413821090539457,0.020294054685005877,0.00847784146251746
0.2088899182083813,0.37542473075868354,0.08608436796909757,0.031163928470874718,0.0322206143186143,0.11300338684319679,0.036986491011666484,0.09415965094027309,0.022066911479212765
0.5451422523713373,0.13818210980558704,0.12014642998812218,0.03435468293173564,0.03140966319425834,0.048730579870145105,0.022070157941963143,0.04455615172509516,0.015407972171756006
0.04509809327733237,0.3478536188941733,0.3963994506565179,0.02569193044500541,0.052691766897024726,0.008069061844069648,0.026754145886502517,0.06749192299944143,0.029950009099932354
0.03883102812199154,0.11066853230106898,0.7251526997745729,0.0440212207719137,0.01574633269455605,0.018665018973340445,0.016122724907747677,0.01687284663138211,0.013919595823426589
0.2438627519522378,0.19583869440251786,0.3811690001073631,0.038721281130095736,0.035265213656997585,0.025649608694165087,0.018413537792890258,0.034408958263804836,0.026670953999927863
0.07233900840605548,0.2333143764095144,0.1873026184217262,0.03433624636919792,0.32472027566682893,0.026152539003631594,0.015388309661277912,0.07609558987810784,0.030351036183660095
0.15930292174835853,0.4156170627444129,0.1924429132800143,0.02343686781697573,0.045800518848290526,0.0362763760392973,0.01705143864796706,0.08553533202399008,0.02453656885069366
0.1169910811727087,0.6061150022398516,0.16298544168815637,0.020480245893845218,0.02291218894758352,0.016199192910730218,0.019969866080612485,0.021019953300954786,0.013327027765556552
0.03572486964019242,0.11777072238693805,0.7093248427764426,0.021763751612523502,0.058953354335197466,0.007950538043238467,0.015237638381511242,0.020169948231401353,0.013104334592554992
0.057106054169717015,0.6210442551155422,0.09197402065219926,0.019290528175794464,0.13783398940469152,0.017226570710859916,0.00842444465935973,0.017008717699635422,0.03009141941220105
0.07413342872334688,0.5568429940384187,0.1249990886816104,0.045284980705402704,0.027614726030397975,0.030264508512451015,0.07663765107042846,0.05613503413166922,0.008087588106274614
0.05386593785462911,0.06962641187560922,0.09503251929374085,0.09574614056483065,0.03555505028369634,0.20324219204498326,0.34330277065287895,0.07720095940343283,0.02642801802619845
0.051618824436006544,0.06602795632189452,0.04833554131256565,0.07703802275574956,0.043496936761118245,0.562889573067791,0.04764638606571943,0.08954745470888945,0.013399304570265919
0.03245253744691478,0.2190348885889133,0.09281391075546712,0.030075169324240654,0.04158360692651559,0.12162101104183252,0.038909745667032015,0.40025565891324344,0.023253471335840794
0.04612274081552029,0.209474961439515,0.37610340591584707,0.05752385522227104,0.03786713808237864,0.026858865686853563,0.12102866929742422,0.10886513473483646,0.016155228805354287
0.07595031307446669,0.13247643935303172,0.15812574350225764,0.05969186289011967,0.025750057854735487,0.402020677296562,0.09740064111210822,0.029114932948006475,0.019469331968712145
0.038196903578247884,0.3853070617576784,0.17619706398509072,0.02413746523595023,0.031036071910319384,0.12187844388532587,0.17603527558997087,0.025956536559820394,0.021255177497596353
0.09364179951580441,0.5153094762180674,0.13708157701969617,0.03248511358088298,0.06573708628703889,0.025393074735305762,0.029235617048954835,0.04116548554811608,0.05995077004613341
0.08152720077807674,0.49770526514427277,0.25744787664388236,0.03310450760089124,0.023995133365701967,0.034986997752131495,0.017845864122140776,0.01393537580596606,0.039451778786936224
0.2792369138758931,0.5426945734264197,0.04513448714304075,0.017731871763092495,0.020678944316279684,0.03045586674281189,0.009819478353835509,0.018877549526982736,0.03537031485164418
0.09035515662661206,0.719818386551235,0.06910259669373238,0.02997943936188628,0.026819446047997977,0.01832256920337952,0.013837983150914111,0.023772082230785523,0.007992340133457607
0.23983966500188283,0.643147057538623,0.030139572138998465,0.010667240209859376,0.017761656087303606,0.01694708020772619,0.01000664856567002,0.011714457205342482,0.019776623044594203
0.10483268740258574,0.31575779274682186,0.0845806830321038,0.01663347280948149,0.02537556241659713,0.3969559233721305,0.01459114560731424,0.02709082190257662,0.014181910710389257
0.5502674280452441,0.2555038132692986,0.024393292971933215,0.018905200810633155,0.02151264975573982,0.06769497152305716,0.018113227191615865,0.03537561294267836,0.00823380348979959
0.1644760315638594,0.719332926071682,0.030620758279869494,0.010521795118974785,0.01764598756341031,0.014731307095747909,0.010233973511843387,0.010522054868692272,0.02191516592592085
0.14336847966576094,0.30126939742784686,0.04248638277805872,0.01752510331778741,0.025360404559231692,0.3961675400164846,0.013522370481125114,0.02103250650836255,0.039267815245341786
0.0875501662795805,0.10487121312484977,0.26340063446310075,0.044818963804107076,0.03705158354604963,0.2782144828372642,0.03908036815028801,0.13403976187290786,0.01097282592185187
0.61008843688147,0.20560533810194181,0.019671003574799638,0.016593205335746014,0.021280275192564105,0.07484983070470862,0.015741262147286425,0.02665776122523462,0.009512886836249079
0.08816619251498845,0.6628581314303019,0.06275508993912114,0.026858853356664558,0.045072283382132365,0.01965972052883661,0.016496759893423085,0.025815540145607822,0.05231742880892457
0.08474514257198715,0.49962355935042363,0.153320635103203,0.04803220292339629,0.035509551808489484,0.02381941084312622,0.029521722413303322,0.05073349997971725,0.07469427500635352
0.07291541337356008,0.6944985649988009,0.09329848139025693,0.02378904590468159,0.03898290243109774,0.024760588076709004,0.014313461591081529,0.0287007152563821,0.008740826977430428
0.02515471444023424,0.10433243029678813,0.09799005444631437,0.27515655654476756,0.06232617240666134,0.023921910730829516,0.24647743441576336,0.14474809933333335,0.019892627385308025
0.03382836989279095,0.02865282911847709,0.8327842828483827,0.05688349063936674,0.008800235316673498,0.006478564838667144,0.008169242969785176,0.015419059055216816,0.008983925320640133
0.02551033349835628,0.0510414509794952,0.6115184443974984,0.11358663736937749,0.011476651441814862,0.018341940247011433,0.10010123385822345,0.04844804336126091,0.019975264846962066
0.051336297668741045,0.02998084617069129,0.761049011095599,0.07730100933056892,0.015967924822189575,0.012104219311280976,0.020807574552396135,0.022878958649396597,0.00857415839913665
0.02035908697604547,0.037361255328583774,0.5960797414688221,0.12974195480362147,0.009408411944552391,0.009551654185460876,0.11534873058258716,0.060922841217195545,0.02122632349313145
0.04855069586053036,0.03579009750249512,0.24429593865376084,0.5499688524231382,0.018489936666797945,0.00994799796136815,0.02386015306773645,0.04997624431289916,0.019120083551273412
0.03510998593812934,0.10157698840070427,0.42795155793128914,0.05966650530743477,0.03615220462701001,0.026834409220185464,0.026793661638471595,0.26166780600200074,0.02424688093477424
0.2840465415877868,0.15901181448011042,0.15174279966548637,0.09569837065984348,0.04612733348693954,0.01860618932976974,0.12267720165235153,0.09361710391514062,0.028472645222571195
0.04044763562984095,0.04396821493088823,0.7359599719471572,0.09081121549578905,0.013370863579504707,0.007169067931171112,0.01960782072684529,0.03224121352581009,0.016423996232993766
0.026059924167196907,0.05554646375464762,0.8050326148142622,0.04176420214212649,0.01232337388143684,0.005758330593266564,0.011447902083775992,0.03151675064481602,0.010550437918471687
0.018734587989707136,0.026537692206010655,0.6943465655903297,0.1919252982652028,0.0076064425054415755,0.008513926930310183,0.01136831765773979,0.0217361922123924,0.01923097664286647
0.01956129200394015,0.044758001588280666,0.6346412381837517,0.19759100420774092,0.008555992727490446,0.014477360225500028,0.04113692510010738,0.020754845321588427,0.018523340641599773
0.1482380488603359,0.1202782681942116,0.19586611656980674,0.1423499026866224,0.03877906763366676,0.015654975699476926,0.2603468635753424,0.04977084239055756,0.02871591438997996
0.02389066660845611,0.09650167443148555,0.14496787222484833,0.16869083355831668,0.05247772961092815,0.03462817789622799,0.047953532322516854,0.39968317617916393,0.031206337168056267
0.020605043864990485,0.6974746031659952,0.04122529375632586,0.09581565861452708,0.0284921325738468,0.027641088119208453,0.02631916999075449,0.048131645362804155,0.01429536455154758
0.0358962732903517,0.39160311623877175,0.027573292010175943,0.015502021179250966,0.05326324986360281,0.4060954124182839,0.030621030764747217,0.024176950379524217,0.015268653855291317
0.03419371588322966,0.12768399895078855,0.017776922300835985,0.02238199484634773,0.05015609604292757,0.6844225245420623,0.02123863775049688,0.028383595160979404,0.01376251452233177
0.010301777305721738,0.09104309911196379,0.014375113176825943,0.009808826960443183,0.01687814368082712,0.7763715198807305,0.04303156129379558,0.030963994693434544,0.007225963896257069
0.02450615277822602,0.10941214286360075,0.013790105915843183,0.015075510528797251,0.03530213279936746,0.7651309069983576,0.013230590654860298,0.015237939858893483,0.008314517602054048
0.02518454186264243,0.7990643321918118,0.01795069037824563,0.023487307852102984,0.037725605086698095,0.04406392456164579,0.016893772600137736,0.02367611216532427,0.011953713301391096
0.028367624813124673,0.13308862016999004,0.20542319030847947,0.04097496021910896,0.027398366490913335,0.013594974987800056,0.16795573819797163,0.3655657331789396,0.0176307916336725
0.013073118641552577,0.02628876687798311,0.015790847335920954,0.020641371165874722,0.012346776467726146,0.00907253291240328,0.022266057745411738,0.8743456615147337,0.006174867338393852
0.02199483210754273,0.11754474382989297,0.5140847406798705,0.08775316307690925,0.10183404925526393,0.01757550832409584,0.02028546531832568,0.09405852396149865,0.024868973446600592
0.035327960855929944,0.16472260966807828,0.46593048479151833,0.1156835322509458,0.04109224882597893,0.01797781350879546,0.03812064498557922,0.10887834986536499,0.012266355247809628
0.053597986980640715,0.10941338208611814,0.12834453303576124,0.18824984588857613,0.10868398498042697,0.017078070065127397,0.03009579849254882,0.3414989484058975,0.023037450064902786
0.030195491448093525,0.3647029766534196,0.48938144750624424,0.04773088929349244,0.015300573445839332,0.007336929326133814,0.010444940262439752,0.020917043513739787,0.013989708550597477
0.04571831690700519,0.23958432233532917,0.37462890126598763,0.13768428102290547,0.02645417786513738,0.019960723343215303,0.02526936862687607,0.10568906902540168,0.025010839608142005
0.008750647061652765,0.013372309973216536,0.014206380713863093,0.015457422520100027,0.01348900616061257,0.013097502885470999,0.008777756038355228,0.900357627476924,0.012491347169804826
0.024431872240200023,0.5080790992321536,0.1252727942571858,0.05915452745454771,0.10100546964074798,0.013979209504395676,0.026267971206917644,0.09398478400507351,0.0478242724587781
0.03996162996837772,0.4254200343816763,0.27697525000375833,0.1309465720430188,0.03273929716961952,0.01858478312639947,0.033926509265447845,0.02482957229553547,0.01661635174616591
0.04576838396540346,0.22717923010113505,0.06374254712834561,0.053420104667480546,0.04704094244278195,0.24935776655616335,0.20711259822218703,0.08343875233631665,0.022939674580185948
0.021587063570438655,0.5940263364543025,0.11725580776764619,0.07406149947611695,0.07272069420560637,0.020644425211384605,0.046190244308861976,0.039176189074682094,0.014337739930960833
0.03889756861558864,0.09817615048179519,0.20337067720986857,0.27760955671590404,0.03282978029088226,0.015586214524172888,0.16056929503195408,0.14867605048797522,0.02428470664185905
0.02502591928511202,0.6236664830457994,0.12506559906151696,0.02366778906952627,0.07886146445832726,0.027510596505958905,0.022015333382057876,0.05133264253334438,0.022854172658356955
0.030810544106442277,0.07170289146133021,0.280194657273281,0.31718102937575837,0.057503366624107294,0.012322088176622059,0.040898538886550706,0.16993300570366165,0.019453878392246146
0.027905943423103735,0.1410996310862774,0.24266725804209582,0.06459249592358685,0.034506900434822574,0.16136001869168543,0.2470424900886242,0.058687677996142995,0.022137584313660856
0.017973393474281656,0.036258186288818314,0.03744902665372399,0.025472031745491248,0.033695145281800606,0.011813273120252595,0.015682148762412508,0.8090103221813564,0.012646472491862371
0.029477629633560664,0.24422673059740813,0.10753795652703617,0.03238422479981616,0.3839671583633082,0.02107486385472777,0.03640369397156844,0.09619093706481656,0.04873680518775781
0.02334941864914003,0.38109181692590666,0.3551806589073573,0.06591104735277041,0.09363246190798916,0.010260166016257104,0.04088279233391988,0.02296545075306553,0.006726187153594022
0.04575773042105499,0.24729969530536625,0.07916229843472658,0.031120575910816503,0.3064398586331928,0.0333331501270351,0.03529223733743441,0.20013727801223327,0.02145717581814023
0.026240338482408643,0.09480014455259025,0.3045593148482733,0.1286462271169617,0.23903647944850562,0.014251878266169537,0.0451716609594529,0.08484515181443038,0.06244880451120795
0.029349965082515053,0.1367140465118301,0.06023423784763288,0.05972201205883326,0.2173963971486428,0.009080978888195958,0.3384963407998771,0.07422505414056896,0.0747809675219036
0.024637445911939695,0.1904116756069965,0.06908235217080914,0.07268374496812167,0.3765400005180179,0.01706997452846369,0.129825614485687,0.04784004598327258,0.0719091458266916
0.008462676940528805,0.03717874242137113,0.12182331551166017,0.013917012212476215,0.04881287711881879,0.006424334782323208,0.00771077000679296,0.004894731768236889,0.7507755392377917
0.02467074937684067,0.3102718419048459,0.21391661675922347,0.05892602015577276,0.1039895067238243,0.01744285185825639,0.10023649850923312,0.016925862766479182,0.15362005194552425
0.02858274526845457,0.32132598624313663,0.1242746882814667,0.04260234963703904,0.1497741859833238,0.0381093202913346,0.12747381097281402,0.09120951922739351,0.07664739409503718
0.039248222607946796,0.3138767199121389,0.16071863851842166,0.07198879202566728,0.08351059593955902,0.09630737102523676,0.04362201629277058,0.1350216777629363,0.05570596591532264
0.04332026164001024,0.08752262886108435,0.47656047353837455,0.025976711328951404,0.032666461017066606,0.031951034901845296,0.01708262287326872,0.27254705230642323,0.012372753532976222
0.026409693838717854,0.2596494794027839,0.12123620434680736,0.05286929003284868,0.10358764133240848,0.04390850101620588,0.07838709949084434,0.23589204893677235,0.07806004160261103
0.021938284843289534,0.08743811559421702,0.05848112887883264,0.5922356113650391,0.07463081731475013,0.015776605667240914,0.0642158862737183,0.03680261545093308,0.0484809346119793
0.02218501081598359,0.3509813409456739,0.3389252080680674,0.04483277164113451,0.1022740287568178,0.023559320629712596,0.052735766492530985,0.03343855618806486,0.031067996462014084
0.028002551945776374,0.09806994389611841,0.08977835284591157,0.42443995049727606,0.1563562327278708,0.02971980045215682,0.05080994652895994,0.0729655798036034,0.04985764130232686
0.033471094525511155,0.32631431645980236,0.1333902656151762,0.03626333954312763,0.022547823069812407,0.24369612717867092,0.08261605816073439,0.10334484429956173,0.018356131147603014
0.03820858623949532,0.1962990091845829,0.03303280579319515,0.035162721457856885,0.03981936333145948,0.39239930422355396,0.17595019988295743,0.0744761217402272,0.014651888146671574
0.04734539417419671,0.21326124061231008,0.35724326044451554,0.06782921998444853,0.03224341593827051,0.011937714629920196,0.13224321210479179,0.12407583544015216,0.013820706671394803
0.015785477214628127,0.68258394973139,0.020553113996636826,0.01612854630562371,0.014388930467116732,0.07884303096089035,0.06547002018999329,0.1017257930002446,0.004521138133476113
0.0501347364528321,0.21400578426816105,0.15181698943167748,0.07592523603704895,0.032024067834556844,0.10791272224755445,0.19626094976803046,0.15656055060976387,0.01535896335037451
0.02254852977068976,0.36148084505639594,0.06448168288924462,0.03743739361469047,0.04721282994832776,0.12598328416623278,0.015008009441703425,0.30739179269954825,0.018455632413167045
0.015521937392372962,0.1683396121161498,0.011991394251685307,0.015663747221795667,0.04377210696428621,0.5350017597073423,0.022433417427962014,0.1729660012128741,0.014310023705531676
0.02554750654487778,0.4088198488195928,0.05165231320422153,0.037495259927094855,0.07216325307253749,0.030262877731046155,0.030769864809429382,0.33249492254881785,0.010794153342381985
0.026498468480257553,0.5736635300947106,0.07213593964332166,0.01778977288883303,0.029778576154754054,0.16136444773029474,0.08035313675396913,0.02449833788255371,0.013917790371304972
0.014587779622297813,0.390000268269852,0.017413312189827473,0.018349560230820683,0.08021411656593519,0.011170864394672143,0.009940104488939859,0.4492476706080191,0.009076323629635662
0.022510106037411593,0.07159725662487741,0.073536942777405,0.014812140975944455,0.03633198685167212,0.021813810012622368,0.03307877996848326,0.7163025991131947,0.010016377638389175
0.022833063462513868,0.6562927522659289,0.06763153646002937,0.02404573238611205,0.038568100906498703,0.011227195169579974,0.0158855056744752,0.14841816249216866,0.015097951182693211
0.026951234705735384,0.4155501656217185,0.10136221843787635,0.02947077733431392,0.06958428877048979,0.014883159750514567,0.015802844647992233,0.31252460837694335,0.013870702354415966
0.02538660738874571,0.49548332415787977,0.05219263709610715,0.030787460376253805,0.09387624869637373,0.02259777291794659,0.07226215609316115,0.1819418583876686,0.02547193488586442
0.020483362904675992,0.6516223018223778,0.02297879104545527,0.026951793152379007,0.09705387397241094,0.023863204170338305,0.01738356179985567,0.12177318797792074,0.017889923154586387
0.03368583634881469,0.2543896748249028,0.2622825714371887,0.0578751008049795,0.06918234348807213,0.02052703244960276,0.05772111076561046,0.2225086745810401,0.021827655299788966
0.022000794464454496,0.09605361558545594,0.02574187055763579,0.019051272636476522,0.6891678539782968,0.018559487161921545,0.012821875114215052,0.0885256813704452,0.028077549131098684
0.029667755855177533,0.17451353390159163,0.045778827812259434,0.04015960522652363,0.34984152411197816,0.03241702967986947,0.021650369903156885,0.28166200487664683,0.024309348632796324
0.02944833212200612,0.1666398840050085,0.05469113810469339,0.05512065431270914,0.3192744282489505,0.03284647311444308,0.02752654182366693,0.2895554263006931,0.024897121967829446
0.013138513268872954,0.02550531019464495,0.02564757720402187,0.015463619541768015,0.8656412509694578,0.017240235834578198,0.008933193391450303,0.018584510134852673,0.009845789460352451
0.032462306791626365,0.30765819607493666,0.1181164161668677,0.04661273956619707,0.1038916910174168,0.03528912707701078,0.029290752477900937,0.30742992074641323,0.01924885008163011
0.022016588269445237,0.4427456652526307,0.041933575054927806,0.02028432732205977,0.17888046365192423,0.016848974869502487,0.00838090819709038,0.2458325052269822,0.023076992155436817
0.028195044049968362,0.42489356085442065,0.2532371572882966,0.037236367296217626,0.10346452189510573,0.023812409138985836,0.014102329311690597,0.09048295447791244,0.024575655687401936
0.023574247526719473,0.6551275098268347,0.07883184994927041,0.046296436452725034,0.04710888964058352,0.016139230242648565,0.026652805834537288,0.08060368166627911,0.02566534886040207
0.024027200729633727,0.5151978447023274,0.1629359557991293,0.05199073300446849,0.07122531211158539,0.03080174312591726,0.0257653893260946,0.08795008180852781,0.030105739392316318
0.035586331362165775,0.29471929364299043,0.12701219030377345,0.036452831643439695,0.06919669117681414,0.06569687553868873,0.0362778062668714,0.322419081894565,0.012638898170691084
0.0318090968427527,0.41609144436983014,0.08914637153308194,0.027217449178714288,0.11918764852141439,0.1598145609288826,0.028622714262295165,0.10657009901577084,0.021540615347257625
0.02467617360232521,0.15380321531843216,0.04780185707373776,0.05841615118586434,0.06584147849103142,0.020855157622323154,0.4170132505728223,0.1923292984226919,0.019263417710771846
0.023975342394840622,0.23096590110537346,0.04976264328440618,0.06814985805618022,0.06257998399637213,0.03996159944615795,0.11607403278456703,0.39427004488353823,0.014260594048564215
0.03103812767238554,0.1596323026811156,0.09223665300980662,0.08470629629174961,0.024226903051613836,0.11763611222076399,0.34542536065462326,0.11566606309717187,0.029432181320770006
0.022089252450560544,0.1254220188481475,0.07776622207435825,0.0622465290920227,0.032874604608643915,0.01848141277631546,0.08716343465447914,0.562081278685845,0.011875246809627465
0.02004652393429319,0.4998237156361009,0.09962410651738064,0.037629625617184824,0.05380416226672083,0.055794910736839384,0.12399656657952018,0.08301516809329358,0.026265220618666762
